{
  "task_a": {
    "losses": [
      0.5606,
      0.281,
      0.2141,
      0.188,
      0.1721
    ],
    "accs": [
      93.29,
      95.17,
      96.0,
      96.0,
      95.17
    ],
    "best": 96.0,
    "time": 921.2
  },
  "task_b": {
    "losses": [
      0.1673,
      0.0167,
      0.0106,
      0.003,
      0.0038
    ],
    "accs": [
      98.57,
      99.25,
      99.47,
      99.4,
      99.32
    ],
    "best": 99.47,
    "time": 1178.6
  },
  "task_c": {
    "resnet": {
      "accs": [
        92.31,
        94.34,
        95.63,
        95.4,
        96.3
      ],
      "best": 96.3,
      "time": 943.1,
      "params": 11178564
    },
    "mobilenet": {
      "losses": [
        0.597212386777602,
        0.28805928776063117,
        0.22115135718002377
      ],
      "accs": [
        93.58974358974359,
        95.70135746606334,
        96.07843137254902
      ],
      "best": 96.07843137254902,
      "time": 612.8828542232513,
      "params": 2228996
    }
  },
  "task_d": {
    "scratch": {
      "losses": [
        0.5305650063666952,
        0.34008756733263834,
        0.2906433702053794
      ],
      "accs": [
        82.27752639517345,
        88.9894419306184,
        91.47812971342383
      ],
      "best": 91.47812971342383,
      "time": 1297.8193848133087
    },
    "frozen": {
      "losses": [
        0.5393495634198189,
        0.27776068327836245,
        0.2128890708807003
      ],
      "accs": [
        90.57315233785822,
        94.947209653092,
        95.24886877828054
      ],
      "best": 95.24886877828054,
      "time": 568.752758026123
    },
    "finetune": {
      "losses": [
        0.15482716304137853,
        0.018635725773624087,
        0.009690708473061088
      ],
      "accs": [
        98.19004524886878,
        99.09502262443439,
        98.86877828054298
      ],
      "best": 99.09502262443439,
      "time": 725.2934329509735
    }
  },
  "labels": [
    "Bacterial Spot",
    "Early Blight",
    "Late Blight",
    "Healthy"
  ],
  "nc": 4,
  "device": "cpu"
}